ORs,Weekday,Week Number,Block,Beds,Surgeon ID,Service ID
1,1,1,"(d1,o1)",5,13,0
1,1,2,"(d1,o1)",6,42,2
1,1,3,"(d1,o1)",6,98,4
1,1,4,"(d1,o1)",7,12,0
1,2,1,"(d2,o1)",7,46,2
1,2,2,"(d2,o1)",6,85,4
1,2,3,"(d2,o1)",6,59,2
1,2,4,"(d2,o1)",7,84,4
1,3,1,"(d3,o1)",7,6,0
1,3,2,"(d3,o1)",6,84,4
1,3,3,"(d3,o1)",7,80,4
1,3,4,"(d3,o1)",6,8,0
1,4,1,"(d4,o1)",6,41,2
1,4,2,"(d4,o1)",6,12,0
1,4,3,"(d4,o1)",6,5,0
1,4,4,"(d4,o1)",6,63,3
1,5,1,"(d5,o1)",6,82,4
1,5,2,"(d5,o1)",6,13,0
1,5,3,"(d5,o1)",6,0,0
1,5,4,"(d5,o1)",6,83,4
1,6,1,"(d6,o1)",5,66,3
1,6,2,"(d6,o1)",6,8,0
1,6,3,"(d6,o1)",5,11,0
1,6,4,"(d6,o1)",5,45,2
1,7,1,"(d7,o1)",5,94,4
1,7,2,"(d7,o1)",5,56,2
1,7,3,"(d7,o1)",5,40,2
1,7,4,"(d7,o1)",5,5,0
2,1,1,"(d1,o2)",6,69,3
2,1,2,"(d1,o2)",6,83,4
2,1,3,"(d1,o2)",6,90,4
2,1,4,"(d1,o2)",6,28,1
2,2,1,"(d2,o2)",6,61,3
2,2,2,"(d2,o2)",7,50,2
2,2,3,"(d2,o2)",6,72,3
2,2,4,"(d2,o2)",7,25,1
2,3,1,"(d3,o2)",7,29,1
2,3,2,"(d3,o2)",6,62,3
2,3,3,"(d3,o2)",6,87,4
2,3,4,"(d3,o2)",8,37,1
2,4,1,"(d4,o2)",7,33,1
2,4,2,"(d4,o2)",6,6,0
2,4,3,"(d4,o2)",7,28,1
2,4,4,"(d4,o2)",6,76,3
2,5,1,"(d5,o2)",7,54,2
2,5,2,"(d5,o2)",6,75,3
2,5,3,"(d5,o2)",7,58,2
2,5,4,"(d5,o2)",6,15,0
2,6,1,"(d6,o2)",5,81,4
2,6,2,"(d6,o2)",6,86,4
2,6,3,"(d6,o2)",6,22,1
2,6,4,"(d6,o2)",5,79,3
2,7,1,"(d7,o2)",6,82,4
2,7,2,"(d7,o2)",5,46,2
2,7,3,"(d7,o2)",5,10,0
2,7,4,"(d7,o2)",7,35,1
3,1,1,"(d1,o3)",5,9,0
3,1,2,"(d1,o3)",6,54,2
3,1,3,"(d1,o3)",6,62,3
3,1,4,"(d1,o3)",5,54,2
3,2,1,"(d2,o3)",6,25,1
3,2,2,"(d2,o3)",6,43,2
3,2,3,"(d2,o3)",6,68,3
3,2,4,"(d2,o3)",6,37,1
3,3,1,"(d3,o3)",6,31,1
3,3,2,"(d3,o3)",7,56,2
3,3,3,"(d3,o3)",6,31,1
3,3,4,"(d3,o3)",7,98,4
3,4,1,"(d4,o3)",6,12,0
3,4,2,"(d4,o3)",6,65,3
3,4,3,"(d4,o3)",6,51,2
3,4,4,"(d4,o3)",7,24,1
3,5,1,"(d5,o3)",7,25,1
3,5,2,"(d5,o3)",7,33,1
3,5,3,"(d5,o3)",6,59,2
3,5,4,"(d5,o3)",7,68,3
3,6,1,"(d6,o3)",5,26,1
3,6,2,"(d6,o3)",6,52,2
3,6,3,"(d6,o3)",5,16,0
3,6,4,"(d6,o3)",5,16,0
3,7,1,"(d7,o3)",7,71,3
3,7,2,"(d7,o3)",5,8,0
3,7,3,"(d7,o3)",5,34,1
3,7,4,"(d7,o3)",5,76,3
4,1,1,"(d1,o4)",6,51,2
4,1,2,"(d1,o4)",6,15,0
4,1,3,"(d1,o4)",6,75,3
4,1,4,"(d1,o4)",5,94,4
4,2,1,"(d2,o4)",6,26,1
4,2,2,"(d2,o4)",6,54,2
4,2,3,"(d2,o4)",6,18,0
4,2,4,"(d2,o4)",6,2,0
4,3,1,"(d3,o4)",7,48,2
4,3,2,"(d3,o4)",7,17,0
4,3,3,"(d3,o4)",8,35,1
4,3,4,"(d3,o4)",6,31,1
4,4,1,"(d4,o4)",6,84,4
4,4,2,"(d4,o4)",6,8,0
4,4,3,"(d4,o4)",6,61,3
4,4,4,"(d4,o4)",7,94,4
4,5,1,"(d5,o4)",7,63,3
4,5,2,"(d5,o4)",6,5,0
4,5,3,"(d5,o4)",6,37,1
4,5,4,"(d5,o4)",6,75,3
4,6,1,"(d6,o4)",6,98,4
4,6,2,"(d6,o4)",7,81,4
4,6,3,"(d6,o4)",6,43,2
4,6,4,"(d6,o4)",5,54,2
4,7,1,"(d7,o4)",5,8,0
4,7,2,"(d7,o4)",6,43,2
4,7,3,"(d7,o4)",5,9,0
4,7,4,"(d7,o4)",5,26,1
5,1,1,"(d1,o5)",6,52,2
5,1,2,"(d1,o5)",6,27,1
5,1,3,"(d1,o5)",6,29,1
5,1,4,"(d1,o5)",5,83,4
5,2,1,"(d2,o5)",6,44,2
5,2,2,"(d2,o5)",6,22,1
5,2,3,"(d2,o5)",7,26,1
5,2,4,"(d2,o5)",6,72,3
5,3,1,"(d3,o5)",6,49,2
5,3,2,"(d3,o5)",7,1,0
5,3,3,"(d3,o5)",6,63,3
5,3,4,"(d3,o5)",6,84,4
5,4,1,"(d4,o5)",7,37,1
5,4,2,"(d4,o5)",6,28,1
5,4,3,"(d4,o5)",6,75,3
5,4,4,"(d4,o5)",6,3,0
5,5,1,"(d5,o5)",6,68,3
5,5,2,"(d5,o5)",6,61,3
5,5,3,"(d5,o5)",6,23,1
5,5,4,"(d5,o5)",6,65,3
5,6,1,"(d6,o5)",6,93,4
5,6,2,"(d6,o5)",5,15,0
5,6,3,"(d6,o5)",5,65,3
5,6,4,"(d6,o5)",7,90,4
5,7,1,"(d7,o5)",5,92,4
5,7,2,"(d7,o5)",5,9,0
5,7,3,"(d7,o5)",5,71,3
5,7,4,"(d7,o5)",5,34,1
6,1,1,"(d1,o6)",7,4,0
6,1,2,"(d1,o6)",6,22,1
6,1,3,"(d1,o6)",6,34,1
6,1,4,"(d1,o6)",5,48,2
6,2,1,"(d2,o6)",6,15,0
6,2,2,"(d2,o6)",6,21,1
6,2,3,"(d2,o6)",7,31,1
6,2,4,"(d2,o6)",6,31,1
6,3,1,"(d3,o6)",7,8,0
6,3,2,"(d3,o6)",7,31,1
6,3,3,"(d3,o6)",6,13,0
6,3,4,"(d3,o6)",7,89,4
6,4,1,"(d4,o6)",6,6,0
6,4,2,"(d4,o6)",6,96,4
6,4,3,"(d4,o6)",6,95,4
6,4,4,"(d4,o6)",7,25,1
6,5,1,"(d5,o6)",6,97,4
6,5,2,"(d5,o6)",6,43,2
6,5,3,"(d5,o6)",6,29,1
6,5,4,"(d5,o6)",6,34,1
6,6,1,"(d6,o6)",5,46,2
6,6,2,"(d6,o6)",5,12,0
6,6,3,"(d6,o6)",6,82,4
6,6,4,"(d6,o6)",5,10,0
6,7,1,"(d7,o6)",5,6,0
6,7,2,"(d7,o6)",7,31,1
6,7,3,"(d7,o6)",5,26,1
6,7,4,"(d7,o6)",6,1,0
7,1,1,"(d1,o7)",5,46,2
7,1,2,"(d1,o7)",6,95,4
7,1,3,"(d1,o7)",6,14,0
7,1,4,"(d1,o7)",5,32,1
7,2,1,"(d2,o7)",6,65,3
7,2,2,"(d2,o7)",6,34,1
7,2,3,"(d2,o7)",6,27,1
7,2,4,"(d2,o7)",7,38,1
7,3,1,"(d3,o7)",7,23,1
7,3,2,"(d3,o7)",6,63,3
7,3,3,"(d3,o7)",6,16,0
7,3,4,"(d3,o7)",6,20,1
7,4,1,"(d4,o7)",7,40,2
7,4,2,"(d4,o7)",6,78,3
7,4,3,"(d4,o7)",7,67,3
7,4,4,"(d4,o7)",6,29,1
7,5,1,"(d5,o7)",6,95,4
7,5,2,"(d5,o7)",6,37,1
7,5,3,"(d5,o7)",6,63,3
7,5,4,"(d5,o7)",6,48,2
7,6,1,"(d6,o7)",5,73,3
7,6,2,"(d6,o7)",5,33,1
7,6,3,"(d6,o7)",5,91,4
7,6,4,"(d6,o7)",6,87,4
7,7,1,"(d7,o7)",5,46,2
7,7,2,"(d7,o7)",5,53,2
7,7,3,"(d7,o7)",5,28,1
7,7,4,"(d7,o7)",5,61,3
8,1,1,"(d1,o8)",6,40,2
8,1,2,"(d1,o8)",6,49,2
8,1,3,"(d1,o8)",6,4,0
8,1,4,"(d1,o8)",6,15,0
8,2,1,"(d2,o8)",6,71,3
8,2,2,"(d2,o8)",6,26,1
8,2,3,"(d2,o8)",6,35,1
8,2,4,"(d2,o8)",6,76,3
8,3,1,"(d3,o8)",6,27,1
8,3,2,"(d3,o8)",7,39,1
8,3,3,"(d3,o8)",7,21,1
8,3,4,"(d3,o8)",7,7,0
8,4,1,"(d4,o8)",6,99,4
8,4,2,"(d4,o8)",6,97,4
8,4,3,"(d4,o8)",6,11,0
8,4,4,"(d4,o8)",6,67,3
8,5,1,"(d5,o8)",6,92,4
8,5,2,"(d5,o8)",6,52,2
8,5,3,"(d5,o8)",6,56,2
8,5,4,"(d5,o8)",6,71,3
8,6,1,"(d6,o8)",5,94,4
8,6,2,"(d6,o8)",5,21,1
8,6,3,"(d6,o8)",5,12,0
8,6,4,"(d6,o8)",8,84,4
8,7,1,"(d7,o8)",6,15,0
8,7,2,"(d7,o8)",5,83,4
8,7,3,"(d7,o8)",5,87,4
8,7,4,"(d7,o8)",5,96,4
9,1,1,"(d1,o9)",5,65,3
9,1,2,"(d1,o9)",6,34,1
9,1,3,"(d1,o9)",6,17,0
9,1,4,"(d1,o9)",6,63,3
9,2,1,"(d2,o9)",7,87,4
9,2,2,"(d2,o9)",7,61,3
9,2,3,"(d2,o9)",7,11,0
9,2,4,"(d2,o9)",6,33,1
9,3,1,"(d3,o9)",7,86,4
9,3,2,"(d3,o9)",7,66,3
9,3,3,"(d3,o9)",6,71,3
9,3,4,"(d3,o9)",6,22,1
9,4,1,"(d4,o9)",6,4,0
9,4,2,"(d4,o9)",6,59,2
9,4,3,"(d4,o9)",6,76,3
9,4,4,"(d4,o9)",6,55,2
9,5,1,"(d5,o9)",6,42,2
9,5,2,"(d5,o9)",6,90,4
9,5,3,"(d5,o9)",6,99,4
9,5,4,"(d5,o9)",7,17,0
9,6,1,"(d6,o9)",5,17,0
9,6,2,"(d6,o9)",5,25,1
9,6,3,"(d6,o9)",6,78,3
9,6,4,"(d6,o9)",7,51,2
9,7,1,"(d7,o9)",5,66,3
9,7,2,"(d7,o9)",5,58,2
9,7,3,"(d7,o9)",5,84,4
9,7,4,"(d7,o9)",5,46,2
10,1,1,"(d1,o10)",7,49,2
10,1,2,"(d1,o10)",6,53,2
10,1,3,"(d1,o10)",6,52,2
10,1,4,"(d1,o10)",5,52,2
10,2,1,"(d2,o10)",6,29,1
10,2,2,"(d2,o10)",7,68,3
10,2,3,"(d2,o10)",7,66,3
10,2,4,"(d2,o10)",6,64,3
10,3,1,"(d3,o10)",6,81,4
10,3,2,"(d3,o10)",7,2,0
10,3,3,"(d3,o10)",7,46,2
10,3,4,"(d3,o10)",6,18,0
10,4,1,"(d4,o10)",7,58,2
10,4,2,"(d4,o10)",7,1,0
10,4,3,"(d4,o10)",6,91,4
10,4,4,"(d4,o10)",6,50,2
10,5,1,"(d5,o10)",6,39,1
10,5,2,"(d5,o10)",6,60,3
10,5,3,"(d5,o10)",6,76,3
10,5,4,"(d5,o10)",8,44,2
10,6,1,"(d6,o10)",6,62,3
10,6,2,"(d6,o10)",7,26,1
10,6,3,"(d6,o10)",6,55,2
10,6,4,"(d6,o10)",6,71,3
10,7,1,"(d7,o10)",5,47,2
10,7,2,"(d7,o10)",6,85,4
10,7,3,"(d7,o10)",5,45,2
10,7,4,"(d7,o10)",7,29,1
11,1,1,"(d1,o11)",7,18,0
11,1,2,"(d1,o11)",6,99,4
11,1,3,"(d1,o11)",6,78,3
11,1,4,"(d1,o11)",8,43,2
11,2,1,"(d2,o11)",7,42,2
11,2,2,"(d2,o11)",6,17,0
11,2,3,"(d2,o11)",6,96,4
11,2,4,"(d2,o11)",6,57,2
11,3,1,"(d3,o11)",7,77,3
11,3,2,"(d3,o11)",6,57,2
11,3,3,"(d3,o11)",7,51,2
11,3,4,"(d3,o11)",7,96,4
11,4,1,"(d4,o11)",6,39,1
11,4,2,"(d4,o11)",7,87,4
11,4,3,"(d4,o11)",7,2,0
11,4,4,"(d4,o11)",7,78,3
11,5,1,"(d5,o11)",7,73,3
11,5,2,"(d5,o11)",6,11,0
11,5,3,"(d5,o11)",6,41,2
11,5,4,"(d5,o11)",7,11,0
11,6,1,"(d6,o11)",7,54,2
11,6,2,"(d6,o11)",6,78,3
11,6,3,"(d6,o11)",5,56,2
11,6,4,"(d6,o11)",5,0,0
11,7,1,"(d7,o11)",6,29,1
11,7,2,"(d7,o11)",5,61,3
11,7,3,"(d7,o11)",5,64,3
11,7,4,"(d7,o11)",6,7,0
12,1,1,"(d1,o12)",6,28,1
12,1,2,"(d1,o12)",6,76,3
12,1,3,"(d1,o12)",6,40,2
12,1,4,"(d1,o12)",6,78,3
12,2,1,"(d2,o12)",6,74,3
12,2,2,"(d2,o12)",6,71,3
12,2,3,"(d2,o12)",6,52,2
12,2,4,"(d2,o12)",7,45,2
12,3,1,"(d3,o12)",7,16,0
12,3,2,"(d3,o12)",6,25,1
12,3,3,"(d3,o12)",6,74,3
12,3,4,"(d3,o12)",6,9,0
12,4,1,"(d4,o12)",6,9,0
12,4,2,"(d4,o12)",6,75,3
12,4,3,"(d4,o12)",6,77,3
12,4,4,"(d4,o12)",7,88,4
12,5,1,"(d5,o12)",6,98,4
12,5,2,"(d5,o12)",6,86,4
12,5,3,"(d5,o12)",6,22,1
12,5,4,"(d5,o12)",6,66,3
12,6,1,"(d6,o12)",5,42,2
12,6,2,"(d6,o12)",6,95,4
12,6,3,"(d6,o12)",6,49,2
12,6,4,"(d6,o12)",5,91,4
12,7,1,"(d7,o12)",6,69,3
12,7,2,"(d7,o12)",6,19,0
12,7,3,"(d7,o12)",5,21,1
12,7,4,"(d7,o12)",5,91,4
13,1,1,"(d1,o13)",5,36,1
13,1,2,"(d1,o13)",6,60,3
13,1,3,"(d1,o13)",6,0,0
13,1,4,"(d1,o13)",5,61,3
13,2,1,"(d2,o13)",6,21,1
13,2,2,"(d2,o13)",6,96,4
13,2,3,"(d2,o13)",6,46,2
13,2,4,"(d2,o13)",6,16,0
13,3,1,"(d3,o13)",7,59,2
13,3,2,"(d3,o13)",7,99,4
13,3,3,"(d3,o13)",8,38,1
13,3,4,"(d3,o13)",8,19,0
13,4,1,"(d4,o13)",6,52,2
13,4,2,"(d4,o13)",7,7,0
13,4,3,"(d4,o13)",6,74,3
13,4,4,"(d4,o13)",7,68,3
13,5,1,"(d5,o13)",6,69,3
13,5,2,"(d5,o13)",7,64,3
13,5,3,"(d5,o13)",6,61,3
13,5,4,"(d5,o13)",6,1,0
13,6,1,"(d6,o13)",6,31,1
13,6,2,"(d6,o13)",6,22,1
13,6,3,"(d6,o13)",6,89,4
13,6,4,"(d6,o13)",7,60,3
13,7,1,"(d7,o13)",5,65,3
13,7,2,"(d7,o13)",5,99,4
13,7,3,"(d7,o13)",6,57,2
13,7,4,"(d7,o13)",6,77,3
14,1,1,"(d1,o14)",6,50,2
14,1,2,"(d1,o14)",6,8,0
14,1,3,"(d1,o14)",6,44,2
14,1,4,"(d1,o14)",5,91,4
14,2,1,"(d2,o14)",6,22,1
14,2,2,"(d2,o14)",6,10,0
14,2,3,"(d2,o14)",6,57,2
14,2,4,"(d2,o14)",6,86,4
14,3,1,"(d3,o14)",8,33,1
14,3,2,"(d3,o14)",7,34,1
14,3,3,"(d3,o14)",8,99,4
14,3,4,"(d3,o14)",6,28,1
14,4,1,"(d4,o14)",7,80,4
14,4,2,"(d4,o14)",8,5,0
14,4,3,"(d4,o14)",6,7,0
14,4,4,"(d4,o14)",7,31,1
14,5,1,"(d5,o14)",6,16,0
14,5,2,"(d5,o14)",7,81,4
14,5,3,"(d5,o14)",7,74,3
14,5,4,"(d5,o14)",6,40,2
14,6,1,"(d6,o14)",5,85,4
14,6,2,"(d6,o14)",5,91,4
14,6,3,"(d6,o14)",6,30,1
14,6,4,"(d6,o14)",6,62,3
14,7,1,"(d7,o14)",5,90,4
14,7,2,"(d7,o14)",5,32,1
14,7,3,"(d7,o14)",6,94,4
14,7,4,"(d7,o14)",5,88,4
15,1,1,"(d1,o15)",6,29,1
15,1,2,"(d1,o15)",6,47,2
15,1,3,"(d1,o15)",6,69,3
15,1,4,"(d1,o15)",6,22,1
15,2,1,"(d2,o15)",6,50,2
15,2,2,"(d2,o15)",6,41,2
15,2,3,"(d2,o15)",7,1,0
15,2,4,"(d2,o15)",6,0,0
15,3,1,"(d3,o15)",6,45,2
15,3,2,"(d3,o15)",9,32,1
15,3,3,"(d3,o15)",6,43,2
15,3,4,"(d3,o15)",7,87,4
15,4,1,"(d4,o15)",7,98,4
15,4,2,"(d4,o15)",6,46,2
15,4,3,"(d4,o15)",6,15,0
15,4,4,"(d4,o15)",6,16,0
15,5,1,"(d5,o15)",6,21,1
15,5,2,"(d5,o15)",6,4,0
15,5,3,"(d5,o15)",6,39,1
15,5,4,"(d5,o15)",6,27,1
15,6,1,"(d6,o15)",5,29,1
15,6,2,"(d6,o15)",7,31,1
15,6,3,"(d6,o15)",5,32,1
15,6,4,"(d6,o15)",6,94,4
15,7,1,"(d7,o15)",5,57,2
15,7,2,"(d7,o15)",7,97,4
15,7,3,"(d7,o15)",5,43,2
15,7,4,"(d7,o15)",5,10,0
16,1,1,"(d1,o16)",5,15,0
16,1,2,"(d1,o16)",6,90,4
16,1,3,"(d1,o16)",6,73,3
16,1,4,"(d1,o16)",6,70,3
16,2,1,"(d2,o16)",6,91,4
16,2,2,"(d2,o16)",6,57,2
16,2,3,"(d2,o16)",7,41,2
16,2,4,"(d2,o16)",7,83,4
16,3,1,"(d3,o16)",6,5,0
16,3,2,"(d3,o16)",6,94,4
16,3,3,"(d3,o16)",7,9,0
16,3,4,"(d3,o16)",6,78,3
16,4,1,"(d4,o16)",7,54,2
16,4,2,"(d4,o16)",8,20,1
16,4,3,"(d4,o16)",6,90,4
16,4,4,"(d4,o16)",8,70,3
16,5,1,"(d5,o16)",6,83,4
16,5,2,"(d5,o16)",7,9,0
16,5,3,"(d5,o16)",7,80,4
16,5,4,"(d5,o16)",6,63,3
16,6,1,"(d6,o16)",6,50,2
16,6,2,"(d6,o16)",5,61,3
16,6,3,"(d6,o16)",6,48,2
16,6,4,"(d6,o16)",5,47,2
16,7,1,"(d7,o16)",5,72,3
16,7,2,"(d7,o16)",5,25,1
16,7,3,"(d7,o16)",6,65,3
16,7,4,"(d7,o16)",5,41,2
17,1,1,"(d1,o17)",8,81,4
17,1,2,"(d1,o17)",6,9,0
17,1,3,"(d1,o17)",6,82,4
17,1,4,"(d1,o17)",7,80,4
17,2,1,"(d2,o17)",6,76,3
17,2,2,"(d2,o17)",6,33,1
17,2,3,"(d2,o17)",6,20,1
17,2,4,"(d2,o17)",7,77,3
17,3,1,"(d3,o17)",6,76,3
17,3,2,"(d3,o17)",6,43,2
17,3,3,"(d3,o17)",6,82,4
17,3,4,"(d3,o17)",6,14,0
17,4,1,"(d4,o17)",6,61,3
17,4,2,"(d4,o17)",6,99,4
17,4,3,"(d4,o17)",7,88,4
17,4,4,"(d4,o17)",7,90,4
17,5,1,"(d5,o17)",6,84,4
17,5,2,"(d5,o17)",6,19,0
17,5,3,"(d5,o17)",6,68,3
17,5,4,"(d5,o17)",7,73,3
17,6,1,"(d6,o17)",6,68,3
17,6,2,"(d6,o17)",6,47,2
17,6,3,"(d6,o17)",6,25,1
17,6,4,"(d6,o17)",5,82,4
17,7,1,"(d7,o17)",6,95,4
17,7,2,"(d7,o17)",5,44,2
17,7,3,"(d7,o17)",5,99,4
17,7,4,"(d7,o17)",5,28,1
18,1,1,"(d1,o18)",5,0,0
18,1,2,"(d1,o18)",6,86,4
18,1,3,"(d1,o18)",6,59,2
18,1,4,"(d1,o18)",8,97,4
18,2,1,"(d2,o18)",7,78,3
18,2,2,"(d2,o18)",7,2,0
18,2,3,"(d2,o18)",6,29,1
18,2,4,"(d2,o18)",6,79,3
18,3,1,"(d3,o18)",7,74,3
18,3,2,"(d3,o18)",6,10,0
18,3,3,"(d3,o18)",6,6,0
18,3,4,"(d3,o18)",7,32,1
18,4,1,"(d4,o18)",6,91,4
18,4,2,"(d4,o18)",6,53,2
18,4,3,"(d4,o18)",6,20,1
18,4,4,"(d4,o18)",6,22,1
18,5,1,"(d5,o18)",7,10,0
18,5,2,"(d5,o18)",6,0,0
18,5,3,"(d5,o18)",6,32,1
18,5,4,"(d5,o18)",6,38,1
18,6,1,"(d6,o18)",7,2,0
18,6,2,"(d6,o18)",6,7,0
18,6,3,"(d6,o18)",5,6,0
18,6,4,"(d6,o18)",6,63,3
18,7,1,"(d7,o18)",5,42,2
18,7,2,"(d7,o18)",5,73,3
18,7,3,"(d7,o18)",5,58,2
18,7,4,"(d7,o18)",6,79,3
19,1,1,"(d1,o19)",7,99,4
19,1,2,"(d1,o19)",6,45,2
19,1,3,"(d1,o19)",6,51,2
19,1,4,"(d1,o19)",5,96,4
19,2,1,"(d2,o19)",6,16,0
19,2,2,"(d2,o19)",7,40,2
19,2,3,"(d2,o19)",6,64,3
19,2,4,"(d2,o19)",6,24,1
19,3,1,"(d3,o19)",6,79,3
19,3,2,"(d3,o19)",8,0,0
19,3,3,"(d3,o19)",6,10,0
19,3,4,"(d3,o19)",6,4,0
19,4,1,"(d4,o19)",7,71,3
19,4,2,"(d4,o19)",6,32,1
19,4,3,"(d4,o19)",6,47,2
19,4,4,"(d4,o19)",6,95,4
19,5,1,"(d5,o19)",6,55,2
19,5,2,"(d5,o19)",6,78,3
19,5,3,"(d5,o19)",6,66,3
19,5,4,"(d5,o19)",6,76,3
19,6,1,"(d6,o19)",5,11,0
19,6,2,"(d6,o19)",6,36,1
19,6,3,"(d6,o19)",5,92,4
19,6,4,"(d6,o19)",6,85,4
19,7,1,"(d7,o19)",6,78,3
19,7,2,"(d7,o19)",5,40,2
19,7,3,"(d7,o19)",5,2,0
19,7,4,"(d7,o19)",5,43,2
20,1,1,"(d1,o20)",7,12,0
20,1,2,"(d1,o20)",6,40,2
20,1,3,"(d1,o20)",6,58,2
20,1,4,"(d1,o20)",7,13,0
20,2,1,"(d2,o20)",6,20,1
20,2,2,"(d2,o20)",7,62,3
20,2,3,"(d2,o20)",6,15,0
20,2,4,"(d2,o20)",7,46,2
20,3,1,"(d3,o20)",7,72,3
20,3,2,"(d3,o20)",6,53,2
20,3,3,"(d3,o20)",6,32,1
20,3,4,"(d3,o20)",6,83,4
20,4,1,"(d4,o20)",7,97,4
20,4,2,"(d4,o20)",7,10,0
20,4,3,"(d4,o20)",8,94,4
20,4,4,"(d4,o20)",6,4,0
20,5,1,"(d5,o20)",6,81,4
20,5,2,"(d5,o20)",7,69,3
20,5,3,"(d5,o20)",7,83,4
20,5,4,"(d5,o20)",6,85,4
20,6,1,"(d6,o20)",6,72,3
20,6,2,"(d6,o20)",5,2,0
20,6,3,"(d6,o20)",6,41,2
20,6,4,"(d6,o20)",6,1,0
20,7,1,"(d7,o20)",6,45,2
20,7,2,"(d7,o20)",5,69,3
20,7,3,"(d7,o20)",5,96,4
20,7,4,"(d7,o20)",5,24,1
21,1,1,"(d1,o21)",7,76,3
21,1,2,"(d1,o21)",6,97,4
21,1,3,"(d1,o21)",6,88,4
21,1,4,"(d1,o21)",7,38,1
21,2,1,"(d2,o21)",6,19,0
21,2,2,"(d2,o21)",6,15,0
21,2,3,"(d2,o21)",6,74,3
21,2,4,"(d2,o21)",6,4,0
21,3,1,"(d3,o21)",7,7,0
21,3,2,"(d3,o21)",6,77,3
21,3,3,"(d3,o21)",7,98,4
21,3,4,"(d3,o21)",7,49,2
21,4,1,"(d4,o21)",7,27,1
21,4,2,"(d4,o21)",6,85,4
21,4,3,"(d4,o21)",6,85,4
21,4,4,"(d4,o21)",6,45,2
21,5,1,"(d5,o21)",6,9,0
21,5,2,"(d5,o21)",6,35,1
21,5,3,"(d5,o21)",6,31,1
21,5,4,"(d5,o21)",6,51,2
21,6,1,"(d6,o21)",6,96,4
21,6,2,"(d6,o21)",5,49,2
21,6,3,"(d6,o21)",6,54,2
21,6,4,"(d6,o21)",6,75,3
21,7,1,"(d7,o21)",7,27,1
21,7,2,"(d7,o21)",5,93,4
21,7,3,"(d7,o21)",5,73,3
21,7,4,"(d7,o21)",5,38,1
22,1,1,"(d1,o22)",6,31,1
22,1,2,"(d1,o22)",6,31,1
22,1,3,"(d1,o22)",6,36,1
22,1,4,"(d1,o22)",6,9,0
22,2,1,"(d2,o22)",7,96,4
22,2,2,"(d2,o22)",6,89,4
22,2,3,"(d2,o22)",6,47,2
22,2,4,"(d2,o22)",7,39,1
22,3,1,"(d3,o22)",7,12,0
22,3,2,"(d3,o22)",7,83,4
22,3,3,"(d3,o22)",6,68,3
22,3,4,"(d3,o22)",7,62,3
22,4,1,"(d4,o22)",6,86,4
22,4,2,"(d4,o22)",7,51,2
22,4,3,"(d4,o22)",7,24,1
22,4,4,"(d4,o22)",6,14,0
22,5,1,"(d5,o22)",6,79,3
22,5,2,"(d5,o22)",6,30,1
22,5,3,"(d5,o22)",6,85,4
22,5,4,"(d5,o22)",6,4,0
22,6,1,"(d6,o22)",5,89,4
22,6,2,"(d6,o22)",5,75,3
22,6,3,"(d6,o22)",5,19,0
22,6,4,"(d6,o22)",5,26,1
22,7,1,"(d7,o22)",5,91,4
22,7,2,"(d7,o22)",6,35,1
22,7,3,"(d7,o22)",6,41,2
22,7,4,"(d7,o22)",6,56,2
23,1,1,"(d1,o23)",7,23,1
23,1,2,"(d1,o23)",6,51,2
23,1,3,"(d1,o23)",6,63,3
23,1,4,"(d1,o23)",5,59,2
23,2,1,"(d2,o23)",7,10,0
23,2,2,"(d2,o23)",7,16,0
23,2,3,"(d2,o23)",6,2,0
23,2,4,"(d2,o23)",6,19,0
23,3,1,"(d3,o23)",7,98,4
23,3,2,"(d3,o23)",6,82,4
23,3,3,"(d3,o23)",7,73,3
23,3,4,"(d3,o23)",7,29,1
23,4,1,"(d4,o23)",6,72,3
23,4,2,"(d4,o23)",6,83,4
23,4,3,"(d4,o23)",7,42,2
23,4,4,"(d4,o23)",6,41,2
23,5,1,"(d5,o23)",6,27,1
23,5,2,"(d5,o23)",7,7,0
23,5,3,"(d5,o23)",6,5,0
23,5,4,"(d5,o23)",6,77,3
23,6,1,"(d6,o23)",5,70,3
23,6,2,"(d6,o23)",7,80,4
23,6,3,"(d6,o23)",5,45,2
23,6,4,"(d6,o23)",5,93,4
23,7,1,"(d7,o23)",5,28,1
23,7,2,"(d7,o23)",5,27,1
23,7,3,"(d7,o23)",6,80,4
23,7,4,"(d7,o23)",5,92,4
24,1,1,"(d1,o24)",6,72,3
24,1,2,"(d1,o24)",6,74,3
24,1,3,"(d1,o24)",6,85,4
24,1,4,"(d1,o24)",5,93,4
24,2,1,"(d2,o24)",6,79,3
24,2,2,"(d2,o24)",6,84,4
24,2,3,"(d2,o24)",7,7,0
24,2,4,"(d2,o24)",7,90,4
24,3,1,"(d3,o24)",7,9,0
24,3,2,"(d3,o24)",7,40,2
24,3,3,"(d3,o24)",8,28,1
24,3,4,"(d3,o24)",6,50,2
24,4,1,"(d4,o24)",6,46,2
24,4,2,"(d4,o24)",6,91,4
24,4,3,"(d4,o24)",7,26,1
24,4,4,"(d4,o24)",6,30,1
24,5,1,"(d5,o24)",6,19,0
24,5,2,"(d5,o24)",6,3,0
24,5,3,"(d5,o24)",6,35,1
24,5,4,"(d5,o24)",6,29,1
24,6,1,"(d6,o24)",6,48,2
24,6,2,"(d6,o24)",5,28,1
24,6,3,"(d6,o24)",6,86,4
24,6,4,"(d6,o24)",6,19,0
24,7,1,"(d7,o24)",5,74,3
24,7,2,"(d7,o24)",5,7,0
24,7,3,"(d7,o24)",5,0,0
24,7,4,"(d7,o24)",6,67,3
25,1,1,"(d1,o25)",6,66,3
25,1,2,"(d1,o25)",6,71,3
25,1,3,"(d1,o25)",6,39,1
25,1,4,"(d1,o25)",5,7,0
25,2,1,"(d2,o25)",6,32,1
25,2,2,"(d2,o25)",6,38,1
25,2,3,"(d2,o25)",6,16,0
25,2,4,"(d2,o25)",7,34,1
25,3,1,"(d3,o25)",6,14,0
25,3,2,"(d3,o25)",6,65,3
25,3,3,"(d3,o25)",6,24,1
25,3,4,"(d3,o25)",7,25,1
25,4,1,"(d4,o25)",7,49,2
25,4,2,"(d4,o25)",8,23,1
25,4,3,"(d4,o25)",7,37,1
25,4,4,"(d4,o25)",7,38,1
25,5,1,"(d5,o25)",7,35,1
25,5,2,"(d5,o25)",6,92,4
25,5,3,"(d5,o25)",7,36,1
25,5,4,"(d5,o25)",6,62,3
25,6,1,"(d6,o25)",5,90,4
25,6,2,"(d6,o25)",5,68,3
25,6,3,"(d6,o25)",5,70,3
25,6,4,"(d6,o25)",5,64,3
25,7,1,"(d7,o25)",6,33,1
25,7,2,"(d7,o25)",5,82,4
25,7,3,"(d7,o25)",5,75,3
25,7,4,"(d7,o25)",5,17,0
26,1,1,"(d1,o26)",7,3,0
26,1,2,"(d1,o26)",6,1,0
26,1,3,"(d1,o26)",6,7,0
26,1,4,"(d1,o26)",5,56,2
26,2,1,"(d2,o26)",6,28,1
26,2,2,"(d2,o26)",7,74,3
26,2,3,"(d2,o26)",6,48,2
26,2,4,"(d2,o26)",6,43,2
26,3,1,"(d3,o26)",6,28,1
26,3,2,"(d3,o26)",6,58,2
26,3,3,"(d3,o26)",6,90,4
26,3,4,"(d3,o26)",7,35,1
26,4,1,"(d4,o26)",6,42,2
26,4,2,"(d4,o26)",6,43,2
26,4,3,"(d4,o26)",6,4,0
26,4,4,"(d4,o26)",7,44,2
26,5,1,"(d5,o26)",6,28,1
26,5,2,"(d5,o26)",6,45,2
26,5,3,"(d5,o26)",6,34,1
26,5,4,"(d5,o26)",6,36,1
26,6,1,"(d6,o26)",6,30,1
26,6,2,"(d6,o26)",6,27,1
26,6,3,"(d6,o26)",5,14,0
26,6,4,"(d6,o26)",5,53,2
26,7,1,"(d7,o26)",5,19,0
26,7,2,"(d7,o26)",5,13,0
26,7,3,"(d7,o26)",5,1,0
26,7,4,"(d7,o26)",5,64,3
27,1,1,"(d1,o27)",6,60,3
27,1,2,"(d1,o27)",6,63,3
27,1,3,"(d1,o27)",6,67,3
27,1,4,"(d1,o27)",7,88,4
27,2,1,"(d2,o27)",6,66,3
27,2,2,"(d2,o27)",6,95,4
27,2,3,"(d2,o27)",7,14,0
27,2,4,"(d2,o27)",7,48,2
27,3,1,"(d3,o27)",6,35,1
27,3,2,"(d3,o27)",6,3,0
27,3,3,"(d3,o27)",6,53,2
27,3,4,"(d3,o27)",8,65,3
27,4,1,"(d4,o27)",7,50,2
27,4,2,"(d4,o27)",7,80,4
27,4,3,"(d4,o27)",6,41,2
27,4,4,"(d4,o27)",6,8,0
27,5,1,"(d5,o27)",6,3,0
27,5,2,"(d5,o27)",6,36,1
27,5,3,"(d5,o27)",6,62,3
27,5,4,"(d5,o27)",7,72,3
27,6,1,"(d6,o27)",5,39,1
27,6,2,"(d6,o27)",5,5,0
27,6,3,"(d6,o27)",5,1,0
27,6,4,"(d6,o27)",5,89,4
27,7,1,"(d7,o27)",5,24,1
27,7,2,"(d7,o27)",5,84,4
27,7,3,"(d7,o27)",5,66,3
27,7,4,"(d7,o27)",6,71,3
28,1,1,"(d1,o28)",5,7,0
28,1,2,"(d1,o28)",6,66,3
28,1,3,"(d1,o28)",6,55,2
28,1,4,"(d1,o28)",6,5,0
28,2,1,"(d2,o28)",6,13,0
28,2,2,"(d2,o28)",7,47,2
28,2,3,"(d2,o28)",6,49,2
28,2,4,"(d2,o28)",6,92,4
28,3,1,"(d3,o28)",6,97,4
28,3,2,"(d3,o28)",6,44,2
28,3,3,"(d3,o28)",6,2,0
28,3,4,"(d3,o28)",6,1,0
28,4,1,"(d4,o28)",6,85,4
28,4,2,"(d4,o28)",6,35,1
28,4,3,"(d4,o28)",7,19,0
28,4,4,"(d4,o28)",6,56,2
28,5,1,"(d5,o28)",7,11,0
28,5,2,"(d5,o28)",6,62,3
28,5,3,"(d5,o28)",7,73,3
28,5,4,"(d5,o28)",6,13,0
28,6,1,"(d6,o28)",5,4,0
28,6,2,"(d6,o28)",5,4,0
28,6,3,"(d6,o28)",5,68,3
28,6,4,"(d6,o28)",6,31,1
28,7,1,"(d7,o28)",5,5,0
28,7,2,"(d7,o28)",5,50,2
28,7,3,"(d7,o28)",5,6,0
28,7,4,"(d7,o28)",6,44,2
29,1,1,"(d1,o29)",5,35,1
29,1,2,"(d1,o29)",6,72,3
29,1,3,"(d1,o29)",6,41,2
29,1,4,"(d1,o29)",7,69,3
29,2,1,"(d2,o29)",6,8,0
29,2,2,"(d2,o29)",7,12,0
29,2,3,"(d2,o29)",6,38,1
29,2,4,"(d2,o29)",6,35,1
29,3,1,"(d3,o29)",6,66,3
29,3,2,"(d3,o29)",8,14,0
29,3,3,"(d3,o29)",6,88,4
29,3,4,"(d3,o29)",6,94,4
29,4,1,"(d4,o29)",6,45,2
29,4,2,"(d4,o29)",6,40,2
29,4,3,"(d4,o29)",6,45,2
29,4,4,"(d4,o29)",7,18,0
29,5,1,"(d5,o29)",6,24,1
29,5,2,"(d5,o29)",6,77,3
29,5,3,"(d5,o29)",6,79,3
29,5,4,"(d5,o29)",6,16,0
29,6,1,"(d6,o29)",5,91,4
29,6,2,"(d6,o29)",6,41,2
29,6,3,"(d6,o29)",7,64,3
29,6,4,"(d6,o29)",5,67,3
29,7,1,"(d7,o29)",5,11,0
29,7,2,"(d7,o29)",7,86,4
29,7,3,"(d7,o29)",5,68,3
29,7,4,"(d7,o29)",5,2,0
30,1,1,"(d1,o30)",5,96,4
30,1,2,"(d1,o30)",6,32,1
30,1,3,"(d1,o30)",7,37,1
30,1,4,"(d1,o30)",7,73,3
30,2,1,"(d2,o30)",7,37,1
30,2,2,"(d2,o30)",6,75,3
30,2,3,"(d2,o30)",6,95,4
30,2,4,"(d2,o30)",7,58,2
30,3,1,"(d3,o30)",6,15,0
30,3,2,"(d3,o30)",6,78,3
30,3,3,"(d3,o30)",7,85,4
30,3,4,"(d3,o30)",6,68,3
30,4,1,"(d4,o30)",6,25,1
30,4,2,"(d4,o30)",7,64,3
30,4,3,"(d4,o30)",6,49,2
30,4,4,"(d4,o30)",7,86,4
30,5,1,"(d5,o30)",7,72,3
30,5,2,"(d5,o30)",6,24,1
30,5,3,"(d5,o30)",7,49,2
30,5,4,"(d5,o30)",6,45,2
30,6,1,"(d6,o30)",6,40,2
30,6,2,"(d6,o30)",6,63,3
30,6,3,"(d6,o30)",5,5,0
30,6,4,"(d6,o30)",6,36,1
30,7,1,"(d7,o30)",5,23,1
30,7,2,"(d7,o30)",5,89,4
30,7,3,"(d7,o30)",5,13,0
30,7,4,"(d7,o30)",7,70,3
31,1,1,"(d1,o31)",6,45,2
31,1,2,"(d1,o31)",6,69,3
31,1,3,"(d1,o31)",6,76,3
31,1,4,"(d1,o31)",7,86,4
31,2,1,"(d2,o31)",6,85,4
31,2,2,"(d2,o31)",6,72,3
31,2,3,"(d2,o31)",6,94,4
31,2,4,"(d2,o31)",7,1,0
31,3,1,"(d3,o31)",6,67,3
31,3,2,"(d3,o31)",6,21,1
31,3,3,"(d3,o31)",6,5,0
31,3,4,"(d3,o31)",6,41,2
31,4,1,"(d4,o31)",6,94,4
31,4,2,"(d4,o31)",6,74,3
31,4,3,"(d4,o31)",6,21,1
31,4,4,"(d4,o31)",6,1,0
31,5,1,"(d5,o31)",6,53,2
31,5,2,"(d5,o31)",7,85,4
31,5,3,"(d5,o31)",6,1,0
31,5,4,"(d5,o31)",6,31,1
31,6,1,"(d6,o31)",5,0,0
31,6,2,"(d6,o31)",7,66,3
31,6,3,"(d6,o31)",5,35,1
31,6,4,"(d6,o31)",5,29,1
31,7,1,"(d7,o31)",5,18,0
31,7,2,"(d7,o31)",5,6,0
31,7,3,"(d7,o31)",5,5,0
31,7,4,"(d7,o31)",5,36,1
32,1,1,"(d1,o32)",7,87,4
32,1,2,"(d1,o32)",6,52,2
32,1,3,"(d1,o32)",6,64,3
32,1,4,"(d1,o32)",6,90,4
32,2,1,"(d2,o32)",6,77,3
32,2,2,"(d2,o32)",6,65,3
32,2,3,"(d2,o32)",6,22,1
32,2,4,"(d2,o32)",6,85,4
32,3,1,"(d3,o32)",6,38,1
32,3,2,"(d3,o32)",6,7,0
32,3,3,"(d3,o32)",6,29,1
32,3,4,"(d3,o32)",7,21,1
32,4,1,"(d4,o32)",6,83,4
32,4,2,"(d4,o32)",6,92,4
32,4,3,"(d4,o32)",6,50,2
32,4,4,"(d4,o32)",6,82,4
32,5,1,"(d5,o32)",6,88,4
32,5,2,"(d5,o32)",7,70,3
32,5,3,"(d5,o32)",6,17,0
32,5,4,"(d5,o32)",6,26,1
32,6,1,"(d6,o32)",5,20,1
32,6,2,"(d6,o32)",6,87,4
32,6,3,"(d6,o32)",5,18,0
32,6,4,"(d6,o32)",5,78,3
32,7,1,"(d7,o32)",5,48,2
32,7,2,"(d7,o32)",5,81,4
32,7,3,"(d7,o32)",5,89,4
32,7,4,"(d7,o32)",5,97,4
33,1,1,"(d1,o33)",5,26,1
33,1,2,"(d1,o33)",6,35,1
33,1,3,"(d1,o33)",6,1,0
33,1,4,"(d1,o33)",6,40,2
33,2,1,"(d2,o33)",7,59,2
33,2,2,"(d2,o33)",6,90,4
33,2,3,"(d2,o33)",6,79,3
33,2,4,"(d2,o33)",6,10,0
33,3,1,"(d3,o33)",6,41,2
33,3,2,"(d3,o33)",6,19,0
33,3,3,"(d3,o33)",7,97,4
33,3,4,"(d3,o33)",6,80,4
33,4,1,"(d4,o33)",6,68,3
33,4,2,"(d4,o33)",6,16,0
33,4,3,"(d4,o33)",6,99,4
33,4,4,"(d4,o33)",8,77,3
33,5,1,"(d5,o33)",7,32,1
33,5,2,"(d5,o33)",7,23,1
33,5,3,"(d5,o33)",6,67,3
33,5,4,"(d5,o33)",6,93,4
33,6,1,"(d6,o33)",5,64,3
33,6,2,"(d6,o33)",5,85,4
33,6,3,"(d6,o33)",6,20,1
33,6,4,"(d6,o33)",5,4,0
33,7,1,"(d7,o33)",6,56,2
33,7,2,"(d7,o33)",6,33,1
33,7,3,"(d7,o33)",6,47,2
33,7,4,"(d7,o33)",5,31,1
34,1,1,"(d1,o34)",5,59,2
34,1,2,"(d1,o34)",6,79,3
34,1,3,"(d1,o34)",6,35,1
34,1,4,"(d1,o34)",6,53,2
34,2,1,"(d2,o34)",7,67,3
34,2,2,"(d2,o34)",6,58,2
34,2,3,"(d2,o34)",6,32,1
34,2,4,"(d2,o34)",7,44,2
34,3,1,"(d3,o34)",6,52,2
34,3,2,"(d3,o34)",8,29,1
34,3,3,"(d3,o34)",6,36,1
34,3,4,"(d3,o34)",6,15,0
34,4,1,"(d4,o34)",6,34,1
34,4,2,"(d4,o34)",6,82,4
34,4,3,"(d4,o34)",7,70,3
34,4,4,"(d4,o34)",6,73,3
34,5,1,"(d5,o34)",6,96,4
34,5,2,"(d5,o34)",6,49,2
34,5,3,"(d5,o34)",6,19,0
34,5,4,"(d5,o34)",7,33,1
34,6,1,"(d6,o34)",5,1,0
34,6,2,"(d6,o34)",5,38,1
34,6,3,"(d6,o34)",6,62,3
34,6,4,"(d6,o34)",5,13,0
34,7,1,"(d7,o34)",5,17,0
34,7,2,"(d7,o34)",5,4,0
34,7,3,"(d7,o34)",6,11,0
34,7,4,"(d7,o34)",5,65,3
35,1,1,"(d1,o35)",6,21,1
35,1,2,"(d1,o35)",6,23,1
35,1,3,"(d1,o35)",6,61,3
35,1,4,"(d1,o35)",7,20,1
35,2,1,"(d2,o35)",6,51,2
35,2,2,"(d2,o35)",7,7,0
35,2,3,"(d2,o35)",6,50,2
35,2,4,"(d2,o35)",6,73,3
35,3,1,"(d3,o35)",6,32,1
35,3,2,"(d3,o35)",6,41,2
35,3,3,"(d3,o35)",6,64,3
35,3,4,"(d3,o35)",8,44,2
35,4,1,"(d4,o35)",6,8,0
35,4,2,"(d4,o35)",6,15,0
35,4,3,"(d4,o35)",6,78,3
35,4,4,"(d4,o35)",6,43,2
35,5,1,"(d5,o35)",6,91,4
35,5,2,"(d5,o35)",6,55,2
35,5,3,"(d5,o35)",6,72,3
35,5,4,"(d5,o35)",6,0,0
35,6,1,"(d6,o35)",5,24,1
35,6,2,"(d6,o35)",5,51,2
35,6,3,"(d6,o35)",6,0,0
35,6,4,"(d6,o35)",5,99,4
35,7,1,"(d7,o35)",5,98,4
35,7,2,"(d7,o35)",6,12,0
35,7,3,"(d7,o35)",5,91,4
35,7,4,"(d7,o35)",7,78,3
36,1,1,"(d1,o36)",6,98,4
36,1,2,"(d1,o36)",6,7,0
36,1,3,"(d1,o36)",6,20,1
36,1,4,"(d1,o36)",6,87,4
36,2,1,"(d2,o36)",6,83,4
36,2,2,"(d2,o36)",6,36,1
36,2,3,"(d2,o36)",6,77,3
36,2,4,"(d2,o36)",6,60,3
36,3,1,"(d3,o36)",7,75,3
36,3,2,"(d3,o36)",8,6,0
36,3,3,"(d3,o36)",6,84,4
36,3,4,"(d3,o36)",6,3,0
36,4,1,"(d4,o36)",6,92,4
36,4,2,"(d4,o36)",7,19,0
36,4,3,"(d4,o36)",6,56,2
36,4,4,"(d4,o36)",7,15,0
36,5,1,"(d5,o36)",6,37,1
36,5,2,"(d5,o36)",6,47,2
36,5,3,"(d5,o36)",7,78,3
36,5,4,"(d5,o36)",6,60,3
36,6,1,"(d6,o36)",7,15,0
36,6,2,"(d6,o36)",6,99,4
36,6,3,"(d6,o36)",5,97,4
36,6,4,"(d6,o36)",6,41,2
36,7,1,"(d7,o36)",6,51,2
36,7,2,"(d7,o36)",5,62,3
36,7,3,"(d7,o36)",6,53,2
36,7,4,"(d7,o36)",5,52,2
37,1,1,"(d1,o37)",7,84,4
37,1,2,"(d1,o37)",6,24,1
37,1,3,"(d1,o37)",6,31,1
37,1,4,"(d1,o37)",6,67,3
37,2,1,"(d2,o37)",6,72,3
37,2,2,"(d2,o37)",6,77,3
37,2,3,"(d2,o37)",7,76,3
37,2,4,"(d2,o37)",6,59,2
37,3,1,"(d3,o37)",6,1,0
37,3,2,"(d3,o37)",6,16,0
37,3,3,"(d3,o37)",8,20,1
37,3,4,"(d3,o37)",6,43,2
37,4,1,"(d4,o37)",6,89,4
37,4,2,"(d4,o37)",6,79,3
37,4,3,"(d4,o37)",6,55,2
37,4,4,"(d4,o37)",7,23,1
37,5,1,"(d5,o37)",6,85,4
37,5,2,"(d5,o37)",7,21,1
37,5,3,"(d5,o37)",6,14,0
37,5,4,"(d5,o37)",7,24,1
37,6,1,"(d6,o37)",6,58,2
37,6,2,"(d6,o37)",5,30,1
37,6,3,"(d6,o37)",6,13,0
37,6,4,"(d6,o37)",6,9,0
37,7,1,"(d7,o37)",5,77,3
37,7,2,"(d7,o37)",5,71,3
37,7,3,"(d7,o37)",7,31,1
37,7,4,"(d7,o37)",5,27,1
38,1,1,"(d1,o38)",6,20,1
38,1,2,"(d1,o38)",6,16,0
38,1,3,"(d1,o38)",6,15,0
38,1,4,"(d1,o38)",7,6,0
38,2,1,"(d2,o38)",6,93,4
38,2,2,"(d2,o38)",6,14,0
38,2,3,"(d2,o38)",6,61,3
38,2,4,"(d2,o38)",6,12,0
38,3,1,"(d3,o38)",6,61,3
38,3,2,"(d3,o38)",6,18,0
38,3,3,"(d3,o38)",6,57,2
38,3,4,"(d3,o38)",6,74,3
38,4,1,"(d4,o38)",7,60,3
38,4,2,"(d4,o38)",6,62,3
38,4,3,"(d4,o38)",6,62,3
38,4,4,"(d4,o38)",6,28,1
38,5,1,"(d5,o38)",6,67,3
38,5,2,"(d5,o38)",7,63,3
38,5,3,"(d5,o38)",6,77,3
38,5,4,"(d5,o38)",6,35,1
38,6,1,"(d6,o38)",7,52,2
38,6,2,"(d6,o38)",5,60,3
38,6,3,"(d6,o38)",5,52,2
38,6,4,"(d6,o38)",6,92,4
38,7,1,"(d7,o38)",5,61,3
38,7,2,"(d7,o38)",5,55,2
38,7,3,"(d7,o38)",6,70,3
38,7,4,"(d7,o38)",5,8,0
39,1,1,"(d1,o39)",5,94,4
39,1,2,"(d1,o39)",6,29,1
39,1,3,"(d1,o39)",6,30,1
39,1,4,"(d1,o39)",6,26,1
39,2,1,"(d2,o39)",7,5,0
39,2,2,"(d2,o39)",6,29,1
39,2,3,"(d2,o39)",6,92,4
39,2,4,"(d2,o39)",6,3,0
39,3,1,"(d3,o39)",7,26,1
39,3,2,"(d3,o39)",6,71,3
39,3,3,"(d3,o39)",7,50,2
39,3,4,"(d3,o39)",6,77,3
39,4,1,"(d4,o39)",6,13,0
39,4,2,"(d4,o39)",7,84,4
39,4,3,"(d4,o39)",6,33,1
39,4,4,"(d4,o39)",6,42,2
39,5,1,"(d5,o39)",6,66,3
39,5,2,"(d5,o39)",6,32,1
39,5,3,"(d5,o39)",6,54,2
39,5,4,"(d5,o39)",6,41,2
39,6,1,"(d6,o39)",7,99,4
39,6,2,"(d6,o39)",6,76,3
39,6,3,"(d6,o39)",5,38,1
39,6,4,"(d6,o39)",6,73,3
39,7,1,"(d7,o39)",5,1,0
39,7,2,"(d7,o39)",5,78,3
39,7,3,"(d7,o39)",5,95,4
39,7,4,"(d7,o39)",5,30,1
40,1,1,"(d1,o40)",5,41,2
40,1,2,"(d1,o40)",6,67,3
40,1,3,"(d1,o40)",6,77,3
40,1,4,"(d1,o40)",6,89,4
40,2,1,"(d2,o40)",6,70,3
40,2,2,"(d2,o40)",7,82,4
40,2,3,"(d2,o40)",7,73,3
40,2,4,"(d2,o40)",6,56,2
40,3,1,"(d3,o40)",7,13,0
40,3,2,"(d3,o40)",7,35,1
40,3,3,"(d3,o40)",6,23,1
40,3,4,"(d3,o40)",6,47,2
40,4,1,"(d4,o40)",6,75,3
40,4,2,"(d4,o40)",6,26,1
40,4,3,"(d4,o40)",7,18,0
40,4,4,"(d4,o40)",7,11,0
40,5,1,"(d5,o40)",7,71,3
40,5,2,"(d5,o40)",6,53,2
40,5,3,"(d5,o40)",6,40,2
40,5,4,"(d5,o40)",6,86,4
40,6,1,"(d6,o40)",6,86,4
40,6,2,"(d6,o40)",5,10,0
40,6,3,"(d6,o40)",5,93,4
40,6,4,"(d6,o40)",6,7,0
40,7,1,"(d7,o40)",6,97,4
40,7,2,"(d7,o40)",6,45,2
40,7,3,"(d7,o40)",6,86,4
40,7,4,"(d7,o40)",6,84,4
41,1,1,"(d1,o41)",6,37,1
41,1,2,"(d1,o41)",6,36,1
41,1,3,"(d1,o41)",6,96,4
41,1,4,"(d1,o41)",5,74,3
41,2,1,"(d2,o41)",6,54,2
41,2,2,"(d2,o41)",6,11,0
41,2,3,"(d2,o41)",7,4,0
41,2,4,"(d2,o41)",8,22,1
41,3,1,"(d3,o41)",6,89,4
41,3,2,"(d3,o41)",7,22,1
41,3,3,"(d3,o41)",6,14,0
41,3,4,"(d3,o41)",6,17,0
41,4,1,"(d4,o41)",6,55,2
41,4,2,"(d4,o41)",7,50,2
41,4,3,"(d4,o41)",6,64,3
41,4,4,"(d4,o41)",7,93,4
41,5,1,"(d5,o41)",6,14,0
41,5,2,"(d5,o41)",7,95,4
41,5,3,"(d5,o41)",6,88,4
41,5,4,"(d5,o41)",6,37,1
41,6,1,"(d6,o41)",6,25,1
41,6,2,"(d6,o41)",5,97,4
41,6,3,"(d6,o41)",6,21,1
41,6,4,"(d6,o41)",5,83,4
41,7,1,"(d7,o41)",5,68,3
41,7,2,"(d7,o41)",5,10,0
41,7,3,"(d7,o41)",5,79,3
41,7,4,"(d7,o41)",5,89,4
42,1,1,"(d1,o42)",7,80,4
42,1,2,"(d1,o42)",6,56,2
42,1,3,"(d1,o42)",6,86,4
42,1,4,"(d1,o42)",6,98,4
42,2,1,"(d2,o42)",6,30,1
42,2,2,"(d2,o42)",6,44,2
42,2,3,"(d2,o42)",7,24,1
42,2,4,"(d2,o42)",6,41,2
42,3,1,"(d3,o42)",7,63,3
42,3,2,"(d3,o42)",6,20,1
42,3,3,"(d3,o42)",6,18,0
42,3,4,"(d3,o42)",6,11,0
42,4,1,"(d4,o42)",7,96,4
42,4,2,"(d4,o42)",6,66,3
42,4,3,"(d4,o42)",6,54,2
42,4,4,"(d4,o42)",6,72,3
42,5,1,"(d5,o42)",6,26,1
42,5,2,"(d5,o42)",7,39,1
42,5,3,"(d5,o42)",6,70,3
42,5,4,"(d5,o42)",6,79,3
42,6,1,"(d6,o42)",5,43,2
42,6,2,"(d6,o42)",5,24,1
42,6,3,"(d6,o42)",6,29,1
42,6,4,"(d6,o42)",5,61,3
42,7,1,"(d7,o42)",5,85,4
42,7,2,"(d7,o42)",5,95,4
42,7,3,"(d7,o42)",5,76,3
42,7,4,"(d7,o42)",5,81,4
43,1,1,"(d1,o43)",6,86,4
43,1,2,"(d1,o43)",6,62,3
43,1,3,"(d1,o43)",6,25,1
43,1,4,"(d1,o43)",6,21,1
43,2,1,"(d2,o43)",6,58,2
43,2,2,"(d2,o43)",6,13,0
43,2,3,"(d2,o43)",6,69,3
43,2,4,"(d2,o43)",6,51,2
43,3,1,"(d3,o43)",6,44,2
43,3,2,"(d3,o43)",6,80,4
43,3,3,"(d3,o43)",7,79,3
43,3,4,"(d3,o43)",6,53,2
43,4,1,"(d4,o43)",6,24,1
43,4,2,"(d4,o43)",6,14,0
43,4,3,"(d4,o43)",6,17,0
43,4,4,"(d4,o43)",7,58,2
43,5,1,"(d5,o43)",6,75,3
43,5,2,"(d5,o43)",6,41,2
43,5,3,"(d5,o43)",6,44,2
43,5,4,"(d5,o43)",7,81,4
43,6,1,"(d6,o43)",5,59,2
43,6,2,"(d6,o43)",6,43,2
43,6,3,"(d6,o43)",6,94,4
43,6,4,"(d6,o43)",5,70,3
43,7,1,"(d7,o43)",5,67,3
43,7,2,"(d7,o43)",5,1,0
43,7,3,"(d7,o43)",6,14,0
43,7,4,"(d7,o43)",6,60,3
44,1,1,"(d1,o44)",5,89,4
44,1,2,"(d1,o44)",6,20,1
44,1,3,"(d1,o44)",6,22,1
44,1,4,"(d1,o44)",5,25,1
44,2,1,"(d2,o44)",6,75,3
44,2,2,"(d2,o44)",6,94,4
44,2,3,"(d2,o44)",6,39,1
44,2,4,"(d2,o44)",6,63,3
44,3,1,"(d3,o44)",6,30,1
44,3,2,"(d3,o44)",6,52,2
44,3,3,"(d3,o44)",6,42,2
44,3,4,"(d3,o44)",6,69,3
44,4,1,"(d4,o44)",7,93,4
44,4,2,"(d4,o44)",6,33,1
44,4,3,"(d4,o44)",6,13,0
44,4,4,"(d4,o44)",7,13,0
44,5,1,"(d5,o44)",6,70,3
44,5,2,"(d5,o44)",6,80,4
44,5,3,"(d5,o44)",6,3,0
44,5,4,"(d5,o44)",6,21,1
44,6,1,"(d6,o44)",5,34,1
44,6,2,"(d6,o44)",5,56,2
44,6,3,"(d6,o44)",5,63,3
44,6,4,"(d6,o44)",5,57,2
44,7,1,"(d7,o44)",5,25,1
44,7,2,"(d7,o44)",5,79,3
44,7,3,"(d7,o44)",5,7,0
44,7,4,"(d7,o44)",5,98,4
45,1,1,"(d1,o45)",7,25,1
45,1,2,"(d1,o45)",6,33,1
45,1,3,"(d1,o45)",6,2,0
45,1,4,"(d1,o45)",5,8,0
45,2,1,"(d2,o45)",6,69,3
45,2,2,"(d2,o45)",6,31,1
45,2,3,"(d2,o45)",6,9,0
45,2,4,"(d2,o45)",6,71,3
45,3,1,"(d3,o45)",6,22,1
45,3,2,"(d3,o45)",6,89,4
45,3,3,"(d3,o45)",7,41,2
45,3,4,"(d3,o45)",6,57,2
45,4,1,"(d4,o45)",6,28,1
45,4,2,"(d4,o45)",7,44,2
45,4,3,"(d4,o45)",6,52,2
45,4,4,"(d4,o45)",7,20,1
45,5,1,"(d5,o45)",6,43,2
45,5,2,"(d5,o45)",6,25,1
45,5,3,"(d5,o45)",6,69,3
45,5,4,"(d5,o45)",6,96,4
45,6,1,"(d6,o45)",5,79,3
45,6,2,"(d6,o45)",5,57,2
45,6,3,"(d6,o45)",6,69,3
45,6,4,"(d6,o45)",5,12,0
45,7,1,"(d7,o45)",5,53,2
45,7,2,"(d7,o45)",6,75,3
45,7,3,"(d7,o45)",6,54,2
45,7,4,"(d7,o45)",5,90,4
46,1,1,"(d1,o46)",6,11,0
46,1,2,"(d1,o46)",6,19,0
46,1,3,"(d1,o46)",6,43,2
46,1,4,"(d1,o46)",6,18,0
46,2,1,"(d2,o46)",7,12,0
46,2,2,"(d2,o46)",6,6,0
46,2,3,"(d2,o46)",6,42,2
46,2,4,"(d2,o46)",6,53,2
46,3,1,"(d3,o46)",6,71,3
46,3,2,"(d3,o46)",7,60,3
46,3,3,"(d3,o46)",6,72,3
46,3,4,"(d3,o46)",6,64,3
46,4,1,"(d4,o46)",6,51,2
46,4,2,"(d4,o46)",6,18,0
46,4,3,"(d4,o46)",6,82,4
46,4,4,"(d4,o46)",6,5,0
46,5,1,"(d5,o46)",6,31,1
46,5,2,"(d5,o46)",6,91,4
46,5,3,"(d5,o46)",6,26,1
46,5,4,"(d5,o46)",6,80,4
46,6,1,"(d6,o46)",5,45,2
46,6,2,"(d6,o46)",7,96,4
46,6,3,"(d6,o46)",6,79,3
46,6,4,"(d6,o46)",6,96,4
46,7,1,"(d7,o46)",5,86,4
46,7,2,"(d7,o46)",5,87,4
46,7,3,"(d7,o46)",5,44,2
46,7,4,"(d7,o46)",5,19,0
47,1,1,"(d1,o47)",5,34,1
47,1,2,"(d1,o47)",6,87,4
47,1,3,"(d1,o47)",6,11,0
47,1,4,"(d1,o47)",7,58,2
47,2,1,"(d2,o47)",8,81,4
47,2,2,"(d2,o47)",6,79,3
47,2,3,"(d2,o47)",6,58,2
47,2,4,"(d2,o47)",7,70,3
47,3,1,"(d3,o47)",7,94,4
47,3,2,"(d3,o47)",6,59,2
47,3,3,"(d3,o47)",6,86,4
47,3,4,"(d3,o47)",6,10,0
47,4,1,"(d4,o47)",7,11,0
47,4,2,"(d4,o47)",6,89,4
47,4,3,"(d4,o47)",7,81,4
47,4,4,"(d4,o47)",6,32,1
47,5,1,"(d5,o47)",6,46,2
47,5,2,"(d5,o47)",6,58,2
47,5,3,"(d5,o47)",6,87,4
47,5,4,"(d5,o47)",6,95,4
47,6,1,"(d6,o47)",5,82,4
47,6,2,"(d6,o47)",6,54,2
47,6,3,"(d6,o47)",5,4,0
47,6,4,"(d6,o47)",5,48,2
47,7,1,"(d7,o47)",5,44,2
47,7,2,"(d7,o47)",7,29,1
47,7,3,"(d7,o47)",6,38,1
47,7,4,"(d7,o47)",6,12,0
48,1,1,"(d1,o48)",6,88,4
48,1,2,"(d1,o48)",6,41,2
48,1,3,"(d1,o48)",6,80,4
48,1,4,"(d1,o48)",6,64,3
48,2,1,"(d2,o48)",6,0,0
48,2,2,"(d2,o48)",6,51,2
48,2,3,"(d2,o48)",6,89,4
48,2,4,"(d2,o48)",7,49,2
48,3,1,"(d3,o48)",6,21,1
48,3,2,"(d3,o48)",6,74,3
48,3,3,"(d3,o48)",6,92,4
48,3,4,"(d3,o48)",7,12,0
48,4,1,"(d4,o48)",6,5,0
48,4,2,"(d4,o48)",6,88,4
48,4,3,"(d4,o48)",7,86,4
48,4,4,"(d4,o48)",6,81,4
48,5,1,"(d5,o48)",6,56,2
48,5,2,"(d5,o48)",6,94,4
48,5,3,"(d5,o48)",6,53,2
48,5,4,"(d5,o48)",6,88,4
48,6,1,"(d6,o48)",6,87,4
48,6,2,"(d6,o48)",5,62,3
48,6,3,"(d6,o48)",5,88,4
48,6,4,"(d6,o48)",5,5,0
48,7,1,"(d7,o48)",6,40,2
48,7,2,"(d7,o48)",6,34,1
48,7,3,"(d7,o48)",6,33,1
48,7,4,"(d7,o48)",5,13,0
49,1,1,"(d1,o49)",6,95,4
49,1,2,"(d1,o49)",6,21,1
49,1,3,"(d1,o49)",6,57,2
49,1,4,"(d1,o49)",5,31,1
49,2,1,"(d2,o49)",7,47,2
49,2,2,"(d2,o49)",6,92,4
49,2,3,"(d2,o49)",6,34,1
49,2,4,"(d2,o49)",6,88,4
49,3,1,"(d3,o49)",6,88,4
49,3,2,"(d3,o49)",6,79,3
49,3,3,"(d3,o49)",6,0,0
49,3,4,"(d3,o49)",7,38,1
49,4,1,"(d4,o49)",6,95,4
49,4,2,"(d4,o49)",6,71,3
49,4,3,"(d4,o49)",6,23,1
49,4,4,"(d4,o49)",6,9,0
49,5,1,"(d5,o49)",6,41,2
49,5,2,"(d5,o49)",6,18,0
49,5,3,"(d5,o49)",7,20,1
49,5,4,"(d5,o49)",7,46,2
49,6,1,"(d6,o49)",6,5,0
49,6,2,"(d6,o49)",6,98,4
49,6,3,"(d6,o49)",5,27,1
49,6,4,"(d6,o49)",7,20,1
49,7,1,"(d7,o49)",5,54,2
49,7,2,"(d7,o49)",5,3,0
49,7,3,"(d7,o49)",5,12,0
49,7,4,"(d7,o49)",5,72,3
50,1,1,"(d1,o50)",5,6,0
50,1,2,"(d1,o50)",6,82,4
50,1,3,"(d1,o50)",6,47,2
50,1,4,"(d1,o50)",6,37,1
50,2,1,"(d2,o50)",6,92,4
50,2,2,"(d2,o50)",6,86,4
50,2,3,"(d2,o50)",6,60,3
50,2,4,"(d2,o50)",6,52,2
50,3,1,"(d3,o50)",6,91,4
50,3,2,"(d3,o50)",7,45,2
50,3,3,"(d3,o50)",6,78,3
50,3,4,"(d3,o50)",6,45,2
50,4,1,"(d4,o50)",6,43,2
50,4,2,"(d4,o50)",7,17,0
50,4,3,"(d4,o50)",8,96,4
50,4,4,"(d4,o50)",6,40,2
50,5,1,"(d5,o50)",6,62,3
50,5,2,"(d5,o50)",6,26,1
50,5,3,"(d5,o50)",6,21,1
50,5,4,"(d5,o50)",6,6,0
50,6,1,"(d6,o50)",6,36,1
50,6,2,"(d6,o50)",6,77,3
50,6,3,"(d6,o50)",6,72,3
50,6,4,"(d6,o50)",6,72,3
50,7,1,"(d7,o50)",5,16,0
50,7,2,"(d7,o50)",5,11,0
50,7,3,"(d7,o50)",7,8,0
50,7,4,"(d7,o50)",5,69,3
51,1,1,"(d1,o51)",7,68,3
51,1,2,"(d1,o51)",6,68,3
51,1,3,"(d1,o51)",6,66,3
51,1,4,"(d1,o51)",6,4,0
51,2,1,"(d2,o51)",7,49,2
51,2,2,"(d2,o51)",7,35,1
51,2,3,"(d2,o51)",7,56,2
51,2,4,"(d2,o51)",6,96,4
51,3,1,"(d3,o51)",6,3,0
51,3,2,"(d3,o51)",7,13,0
51,3,3,"(d3,o51)",6,1,0
51,3,4,"(d3,o51)",7,16,0
51,4,1,"(d4,o51)",7,73,3
51,4,2,"(d4,o51)",7,70,3
51,4,3,"(d4,o51)",6,34,1
51,4,4,"(d4,o51)",6,54,2
51,5,1,"(d5,o51)",6,17,0
51,5,2,"(d5,o51)",6,51,2
51,5,3,"(d5,o51)",6,98,4
51,5,4,"(d5,o51)",6,2,0
51,6,1,"(d6,o51)",5,53,2
51,6,2,"(d6,o51)",5,1,0
51,6,3,"(d6,o51)",6,99,4
51,6,4,"(d6,o51)",5,28,1
51,7,1,"(d7,o51)",6,38,1
51,7,2,"(d7,o51)",5,20,1
51,7,3,"(d7,o51)",6,19,0
51,7,4,"(d7,o51)",5,74,3
52,1,1,"(d1,o52)",6,75,3
52,1,2,"(d1,o52)",6,0,0
52,1,3,"(d1,o52)",6,32,1
52,1,4,"(d1,o52)",5,16,0
52,2,1,"(d2,o52)",7,98,4
52,2,2,"(d2,o52)",6,64,3
52,2,3,"(d2,o52)",6,63,3
52,2,4,"(d2,o52)",6,91,4
52,3,1,"(d3,o52)",6,24,1
52,3,2,"(d3,o52)",6,37,1
52,3,3,"(d3,o52)",6,75,3
52,3,4,"(d3,o52)",6,60,3
52,4,1,"(d4,o52)",7,35,1
52,4,2,"(d4,o52)",6,9,0
52,4,3,"(d4,o52)",6,3,0
52,4,4,"(d4,o52)",6,48,2
52,5,1,"(d5,o52)",6,93,4
52,5,2,"(d5,o52)",6,17,0
52,5,3,"(d5,o52)",6,86,4
52,5,4,"(d5,o52)",7,49,2
52,6,1,"(d6,o52)",6,77,3
52,6,2,"(d6,o52)",5,50,2
52,6,3,"(d6,o52)",5,84,4
52,6,4,"(d6,o52)",7,40,2
52,7,1,"(d7,o52)",5,26,1
52,7,2,"(d7,o52)",5,57,2
52,7,3,"(d7,o52)",5,62,3
52,7,4,"(d7,o52)",5,63,3
